<?xml version="1.0" encoding="UTF-8"?>
<export version="E">
  <design>
    <source>/Users/roberts7531/Documents/lcdbackboard/68k copy/68k.kicad_sch</source>
    <date>2023 June 27, Tuesday 03:12:16</date>
    <tool>Eeschema 7.0.2-0</tool>
    <sheet number="1" name="/" tstamps="/">
      <title_block>
        <title/>
        <company/>
        <rev/>
        <date/>
        <source>68k.kicad_sch</source>
        <comment number="1" value=""/>
        <comment number="2" value=""/>
        <comment number="3" value=""/>
        <comment number="4" value=""/>
        <comment number="5" value=""/>
        <comment number="6" value=""/>
        <comment number="7" value=""/>
        <comment number="8" value=""/>
        <comment number="9" value=""/>
      </title_block>
    </sheet>
  </design>
  <components>
    <comp ref="C1">
      <value>24pf</value>
      <footprint>Capacitor_THT:C_Disc_D4.3mm_W1.9mm_P5.00mm</footprint>
      <libsource lib="Device" part="C" description="Unpolarized capacitor"/>
      <property name="Sheetname" value=""/>
      <property name="Sheetfile" value="68k.kicad_sch"/>
      <property name="ki_description" value="Unpolarized capacitor"/>
      <property name="ki_keywords" value="cap capacitor"/>
      <sheetpath names="/" tstamps="/"/>
      <tstamps>906fdf8f-9079-4853-9433-a3afa5e296f7</tstamps>
    </comp>
    <comp ref="C2">
      <value>24pf</value>
      <footprint>Capacitor_THT:C_Disc_D4.3mm_W1.9mm_P5.00mm</footprint>
      <libsource lib="Device" part="C" description="Unpolarized capacitor"/>
      <property name="Sheetname" value=""/>
      <property name="Sheetfile" value="68k.kicad_sch"/>
      <property name="ki_description" value="Unpolarized capacitor"/>
      <property name="ki_keywords" value="cap capacitor"/>
      <sheetpath names="/" tstamps="/"/>
      <tstamps>23db7bb0-4779-4d35-acfc-862dbcd08e70</tstamps>
    </comp>
    <comp ref="C3">
      <value>47uf</value>
      <footprint>Capacitor_THT:CP_Radial_D5.0mm_P2.00mm</footprint>
      <libsource lib="Device" part="C" description="Unpolarized capacitor"/>
      <property name="Sheetname" value=""/>
      <property name="Sheetfile" value="68k.kicad_sch"/>
      <property name="ki_description" value="Unpolarized capacitor"/>
      <property name="ki_keywords" value="cap capacitor"/>
      <sheetpath names="/" tstamps="/"/>
      <tstamps>ae3f298c-09a0-464f-8558-967bb5c51309</tstamps>
    </comp>
    <comp ref="D1">
      <value>FC0</value>
      <footprint>LED_THT:LED_D3.0mm</footprint>
      <libsource lib="Device" part="LED" description="Light emitting diode"/>
      <property name="Sheetname" value=""/>
      <property name="Sheetfile" value="68k.kicad_sch"/>
      <property name="ki_description" value="Light emitting diode"/>
      <property name="ki_keywords" value="LED diode"/>
      <sheetpath names="/" tstamps="/"/>
      <tstamps>03916498-2c3b-48b2-b4c3-a6cfbebaa0bd</tstamps>
    </comp>
    <comp ref="D2">
      <value>FC1</value>
      <footprint>LED_THT:LED_D3.0mm</footprint>
      <libsource lib="Device" part="LED" description="Light emitting diode"/>
      <property name="Sheetname" value=""/>
      <property name="Sheetfile" value="68k.kicad_sch"/>
      <property name="ki_description" value="Light emitting diode"/>
      <property name="ki_keywords" value="LED diode"/>
      <sheetpath names="/" tstamps="/"/>
      <tstamps>dce399be-8c09-42a4-8082-5a59b618ec00</tstamps>
    </comp>
    <comp ref="D3">
      <value>FC2</value>
      <footprint>LED_THT:LED_D3.0mm</footprint>
      <libsource lib="Device" part="LED" description="Light emitting diode"/>
      <property name="Sheetname" value=""/>
      <property name="Sheetfile" value="68k.kicad_sch"/>
      <property name="ki_description" value="Light emitting diode"/>
      <property name="ki_keywords" value="LED diode"/>
      <sheetpath names="/" tstamps="/"/>
      <tstamps>3fccd188-83b2-42ee-9807-3158eb63872d</tstamps>
    </comp>
    <comp ref="J1">
      <value>UART1</value>
      <footprint>Connector_PinHeader_2.54mm:PinHeader_1x03_P2.54mm_Vertical</footprint>
      <libsource lib="Connector_Generic" part="Conn_01x03" description="Generic connector, single row, 01x03, script generated (kicad-library-utils/schlib/autogen/connector/)"/>
      <property name="Sheetname" value=""/>
      <property name="Sheetfile" value="68k.kicad_sch"/>
      <property name="ki_description" value="Generic connector, single row, 01x03, script generated (kicad-library-utils/schlib/autogen/connector/)"/>
      <property name="ki_keywords" value="connector"/>
      <sheetpath names="/" tstamps="/"/>
      <tstamps>1e7bb9ad-75aa-4984-82fe-18ffc6f0e7c5</tstamps>
    </comp>
    <comp ref="J2">
      <value>UART2</value>
      <footprint>Connector_PinHeader_2.54mm:PinHeader_1x03_P2.54mm_Vertical</footprint>
      <libsource lib="Connector_Generic" part="Conn_01x03" description="Generic connector, single row, 01x03, script generated (kicad-library-utils/schlib/autogen/connector/)"/>
      <property name="Sheetname" value=""/>
      <property name="Sheetfile" value="68k.kicad_sch"/>
      <property name="ki_description" value="Generic connector, single row, 01x03, script generated (kicad-library-utils/schlib/autogen/connector/)"/>
      <property name="ki_keywords" value="connector"/>
      <sheetpath names="/" tstamps="/"/>
      <tstamps>9364b5d7-c9e1-406c-92ee-23d65f5d2c09</tstamps>
    </comp>
    <comp ref="J3">
      <value>Conn_01x08</value>
      <footprint>Connector_PinHeader_2.54mm:PinHeader_1x08_P2.54mm_Vertical</footprint>
      <libsource lib="Connector_Generic" part="Conn_01x08" description="Generic connector, single row, 01x08, script generated (kicad-library-utils/schlib/autogen/connector/)"/>
      <property name="Sheetname" value=""/>
      <property name="Sheetfile" value="68k.kicad_sch"/>
      <property name="ki_description" value="Generic connector, single row, 01x08, script generated (kicad-library-utils/schlib/autogen/connector/)"/>
      <property name="ki_keywords" value="connector"/>
      <sheetpath names="/" tstamps="/"/>
      <tstamps>cbf2c97b-6e18-4a78-828e-7897da48fae3</tstamps>
    </comp>
    <comp ref="J4">
      <value>Conn_01x06</value>
      <footprint>Connector_PinHeader_2.54mm:PinHeader_1x06_P2.54mm_Vertical</footprint>
      <libsource lib="Connector_Generic" part="Conn_01x06" description="Generic connector, single row, 01x06, script generated (kicad-library-utils/schlib/autogen/connector/)"/>
      <property name="Sheetname" value=""/>
      <property name="Sheetfile" value="68k.kicad_sch"/>
      <property name="ki_description" value="Generic connector, single row, 01x06, script generated (kicad-library-utils/schlib/autogen/connector/)"/>
      <property name="ki_keywords" value="connector"/>
      <sheetpath names="/" tstamps="/"/>
      <tstamps>faf0e74c-1fff-4762-a264-e45662de90cb</tstamps>
    </comp>
    <comp ref="J6">
      <value>Conn_02x20_Counter_Clockwise</value>
      <footprint>Connector_IDC:IDC-Header_2x25_P2.54mm_Vertical</footprint>
      <libsource lib="Connector_Generic" part="Conn_02x25_Counter_Clockwise" description="Generic connector, double row, 02x25, counter clockwise pin numbering scheme (similar to DIP package numbering), script generated (kicad-library-utils/schlib/autogen/connector/)"/>
      <property name="Sheetname" value=""/>
      <property name="Sheetfile" value="68k.kicad_sch"/>
      <property name="ki_description" value="Generic connector, double row, 02x25, counter clockwise pin numbering scheme (similar to DIP package numbering), script generated (kicad-library-utils/schlib/autogen/connector/)"/>
      <property name="ki_keywords" value="connector"/>
      <sheetpath names="/" tstamps="/"/>
      <tstamps>ccc39c17-cc34-4e23-bcb4-e90a1d32a9a5</tstamps>
    </comp>
    <comp ref="JP1">
      <value>Jumper_2_Bridged</value>
      <footprint>Connector_PinHeader_2.54mm:PinHeader_1x02_P2.54mm_Vertical</footprint>
      <libsource lib="Jumper" part="Jumper_2_Bridged" description="Jumper, 2-pole, closed/bridged"/>
      <property name="Sheetname" value=""/>
      <property name="Sheetfile" value="68k.kicad_sch"/>
      <property name="ki_description" value="Jumper, 2-pole, closed/bridged"/>
      <property name="ki_keywords" value="Jumper SPST"/>
      <sheetpath names="/" tstamps="/"/>
      <tstamps>92bce81b-4ab8-406a-ad5b-d801ae615819</tstamps>
    </comp>
    <comp ref="R1">
      <value>R</value>
      <footprint>Resistor_THT:R_Axial_DIN0207_L6.3mm_D2.5mm_P10.16mm_Horizontal</footprint>
      <libsource lib="Device" part="R" description="Resistor"/>
      <property name="Sheetname" value=""/>
      <property name="Sheetfile" value="68k.kicad_sch"/>
      <property name="ki_description" value="Resistor"/>
      <property name="ki_keywords" value="R res resistor"/>
      <sheetpath names="/" tstamps="/"/>
      <tstamps>8812a338-5d29-4d8e-9843-75966294e491</tstamps>
    </comp>
    <comp ref="R2">
      <value>R</value>
      <footprint>Resistor_THT:R_Axial_DIN0207_L6.3mm_D2.5mm_P10.16mm_Horizontal</footprint>
      <libsource lib="Device" part="R" description="Resistor"/>
      <property name="Sheetname" value=""/>
      <property name="Sheetfile" value="68k.kicad_sch"/>
      <property name="ki_description" value="Resistor"/>
      <property name="ki_keywords" value="R res resistor"/>
      <sheetpath names="/" tstamps="/"/>
      <tstamps>e9aa6aa3-2687-4cbe-81c0-6b02969843b2</tstamps>
    </comp>
    <comp ref="R3">
      <value>R</value>
      <footprint>Resistor_THT:R_Axial_DIN0207_L6.3mm_D2.5mm_P10.16mm_Horizontal</footprint>
      <libsource lib="Device" part="R" description="Resistor"/>
      <property name="Sheetname" value=""/>
      <property name="Sheetfile" value="68k.kicad_sch"/>
      <property name="ki_description" value="Resistor"/>
      <property name="ki_keywords" value="R res resistor"/>
      <sheetpath names="/" tstamps="/"/>
      <tstamps>59c12dd6-18de-49d4-86db-8cf89290a5c4</tstamps>
    </comp>
    <comp ref="R4">
      <value>30k</value>
      <footprint>Resistor_THT:R_Axial_DIN0207_L6.3mm_D2.5mm_P10.16mm_Horizontal</footprint>
      <libsource lib="Device" part="R" description="Resistor"/>
      <property name="Sheetname" value=""/>
      <property name="Sheetfile" value="68k.kicad_sch"/>
      <property name="ki_description" value="Resistor"/>
      <property name="ki_keywords" value="R res resistor"/>
      <sheetpath names="/" tstamps="/"/>
      <tstamps>112279b6-7759-4f98-beb2-6e0d37766129</tstamps>
    </comp>
    <comp ref="R5">
      <value>R</value>
      <footprint>Resistor_THT:R_Axial_DIN0207_L6.3mm_D2.5mm_P10.16mm_Horizontal</footprint>
      <libsource lib="Device" part="R" description="Resistor"/>
      <property name="Sheetname" value=""/>
      <property name="Sheetfile" value="68k.kicad_sch"/>
      <property name="ki_description" value="Resistor"/>
      <property name="ki_keywords" value="R res resistor"/>
      <sheetpath names="/" tstamps="/"/>
      <tstamps>cc0c3d5b-cdd9-4e21-9086-fd7dda6f80f2</tstamps>
    </comp>
    <comp ref="R6">
      <value>R</value>
      <footprint>Resistor_THT:R_Axial_DIN0207_L6.3mm_D2.5mm_P10.16mm_Horizontal</footprint>
      <libsource lib="Device" part="R" description="Resistor"/>
      <property name="Sheetname" value=""/>
      <property name="Sheetfile" value="68k.kicad_sch"/>
      <property name="ki_description" value="Resistor"/>
      <property name="ki_keywords" value="R res resistor"/>
      <sheetpath names="/" tstamps="/"/>
      <tstamps>26cab38d-763b-405c-9bf4-252488fe6304</tstamps>
    </comp>
    <comp ref="R7">
      <value>R</value>
      <footprint>Resistor_THT:R_Axial_DIN0207_L6.3mm_D2.5mm_P10.16mm_Horizontal</footprint>
      <libsource lib="Device" part="R" description="Resistor"/>
      <property name="Sheetname" value=""/>
      <property name="Sheetfile" value="68k.kicad_sch"/>
      <property name="ki_description" value="Resistor"/>
      <property name="ki_keywords" value="R res resistor"/>
      <sheetpath names="/" tstamps="/"/>
      <tstamps>db54cba4-608f-402c-a1d3-caf3651ce39e</tstamps>
    </comp>
    <comp ref="R8">
      <value>R</value>
      <footprint>Resistor_THT:R_Axial_DIN0207_L6.3mm_D2.5mm_P10.16mm_Horizontal</footprint>
      <libsource lib="Device" part="R" description="Resistor"/>
      <property name="Sheetname" value=""/>
      <property name="Sheetfile" value="68k.kicad_sch"/>
      <property name="ki_description" value="Resistor"/>
      <property name="ki_keywords" value="R res resistor"/>
      <sheetpath names="/" tstamps="/"/>
      <tstamps>8e9e5c1b-42fb-4b10-b9fd-e160f65567c9</tstamps>
    </comp>
    <comp ref="R10">
      <value>R</value>
      <footprint>Resistor_THT:R_Axial_DIN0207_L6.3mm_D2.5mm_P10.16mm_Horizontal</footprint>
      <libsource lib="Device" part="R" description="Resistor"/>
      <property name="Sheetname" value=""/>
      <property name="Sheetfile" value="68k.kicad_sch"/>
      <property name="ki_description" value="Resistor"/>
      <property name="ki_keywords" value="R res resistor"/>
      <sheetpath names="/" tstamps="/"/>
      <tstamps>1b59556a-4fc9-4ae1-aa69-498f009851aa</tstamps>
    </comp>
    <comp ref="R11">
      <value>R</value>
      <footprint>Resistor_THT:R_Axial_DIN0207_L6.3mm_D2.5mm_P10.16mm_Horizontal</footprint>
      <libsource lib="Device" part="R" description="Resistor"/>
      <property name="Sheetname" value=""/>
      <property name="Sheetfile" value="68k.kicad_sch"/>
      <property name="ki_description" value="Resistor"/>
      <property name="ki_keywords" value="R res resistor"/>
      <sheetpath names="/" tstamps="/"/>
      <tstamps>b7657196-bc44-46c2-b1d6-2e18b6f6dd3d</tstamps>
    </comp>
    <comp ref="R12">
      <value>R</value>
      <footprint>Resistor_THT:R_Axial_DIN0207_L6.3mm_D2.5mm_P10.16mm_Horizontal</footprint>
      <libsource lib="Device" part="R" description="Resistor"/>
      <property name="Sheetname" value=""/>
      <property name="Sheetfile" value="68k.kicad_sch"/>
      <property name="ki_description" value="Resistor"/>
      <property name="ki_keywords" value="R res resistor"/>
      <sheetpath names="/" tstamps="/"/>
      <tstamps>6d188024-84df-4e3e-aa02-4facb014db35</tstamps>
    </comp>
    <comp ref="R17">
      <value>R</value>
      <footprint>Resistor_THT:R_Axial_DIN0207_L6.3mm_D2.5mm_P10.16mm_Horizontal</footprint>
      <libsource lib="Device" part="R" description="Resistor"/>
      <property name="Sheetname" value=""/>
      <property name="Sheetfile" value="68k.kicad_sch"/>
      <property name="ki_description" value="Resistor"/>
      <property name="ki_keywords" value="R res resistor"/>
      <sheetpath names="/" tstamps="/"/>
      <tstamps>5ba8598d-1f3c-45e1-9af2-8f745094d023</tstamps>
    </comp>
    <comp ref="R18">
      <value>R</value>
      <footprint>Resistor_THT:R_Axial_DIN0207_L6.3mm_D2.5mm_P10.16mm_Horizontal</footprint>
      <libsource lib="Device" part="R" description="Resistor"/>
      <property name="Sheetname" value=""/>
      <property name="Sheetfile" value="68k.kicad_sch"/>
      <property name="ki_description" value="Resistor"/>
      <property name="ki_keywords" value="R res resistor"/>
      <sheetpath names="/" tstamps="/"/>
      <tstamps>56e12512-3941-4233-8202-f9676b7c6213</tstamps>
    </comp>
    <comp ref="R19">
      <value>R</value>
      <footprint>Resistor_THT:R_Axial_DIN0207_L6.3mm_D2.5mm_P10.16mm_Horizontal</footprint>
      <libsource lib="Device" part="R" description="Resistor"/>
      <property name="Sheetname" value=""/>
      <property name="Sheetfile" value="68k.kicad_sch"/>
      <property name="ki_description" value="Resistor"/>
      <property name="ki_keywords" value="R res resistor"/>
      <sheetpath names="/" tstamps="/"/>
      <tstamps>e2bbcc19-f96d-4469-9b67-eb4c0ab0fef3</tstamps>
    </comp>
    <comp ref="SW1">
      <value>SW_Push</value>
      <footprint>Button_Switch_THT:SW_PUSH_6mm</footprint>
      <libsource lib="Switch" part="SW_Push" description="Push button switch, generic, two pins"/>
      <property name="Sheetname" value=""/>
      <property name="Sheetfile" value="68k.kicad_sch"/>
      <property name="ki_description" value="Push button switch, generic, two pins"/>
      <property name="ki_keywords" value="switch normally-open pushbutton push-button"/>
      <sheetpath names="/" tstamps="/"/>
      <tstamps>4f5e3649-f73d-4211-acfd-7afd6a55ca43</tstamps>
    </comp>
    <comp ref="U1">
      <value>68000D</value>
      <footprint>Package_DIP:DIP-64_W22.86mm</footprint>
      <datasheet>https://www.nxp.com/docs/en/reference-manual/MC68000UM.pdf</datasheet>
      <libsource lib="CPU_NXP_68000" part="68000D" description="16/32-bit Microprocessor"/>
      <property name="Sheetname" value=""/>
      <property name="Sheetfile" value="68k.kicad_sch"/>
      <property name="ki_description" value="16/32-bit Microprocessor"/>
      <property name="ki_keywords" value="68000 Microprocessor CPU"/>
      <sheetpath names="/" tstamps="/"/>
      <tstamps>708d0545-bdec-4c68-94b8-7eee7130b960</tstamps>
    </comp>
    <comp ref="U2">
      <value>SST39SF010</value>
      <footprint>Package_DIP:DIP-32_W15.24mm</footprint>
      <datasheet>http://ww1.microchip.com/downloads/en/DeviceDoc/25022B.pdf</datasheet>
      <libsource lib="Memory_Flash" part="SST39SF010" description="Silicon Storage Technology (SSF) 128k x 8 Flash ROM"/>
      <property name="Sheetname" value=""/>
      <property name="Sheetfile" value="68k.kicad_sch"/>
      <property name="ki_description" value="Silicon Storage Technology (SSF) 128k x 8 Flash ROM"/>
      <property name="ki_keywords" value="128k flash rom"/>
      <sheetpath names="/" tstamps="/"/>
      <tstamps>753cfab2-af81-4d00-8f95-742f120c8732</tstamps>
    </comp>
    <comp ref="U3">
      <value>SST39SF010</value>
      <footprint>Package_DIP:DIP-32_W15.24mm</footprint>
      <datasheet>http://ww1.microchip.com/downloads/en/DeviceDoc/25022B.pdf</datasheet>
      <libsource lib="Memory_Flash" part="SST39SF010" description="Silicon Storage Technology (SSF) 128k x 8 Flash ROM"/>
      <property name="Sheetname" value=""/>
      <property name="Sheetfile" value="68k.kicad_sch"/>
      <property name="ki_description" value="Silicon Storage Technology (SSF) 128k x 8 Flash ROM"/>
      <property name="ki_keywords" value="128k flash rom"/>
      <sheetpath names="/" tstamps="/"/>
      <tstamps>70ee1b9b-7b90-4f1c-a1ca-10b0adec01ee</tstamps>
    </comp>
    <comp ref="U4">
      <value>AS6C4008-55PCN</value>
      <footprint>Package_DIP:DIP-32_W15.24mm</footprint>
      <datasheet>https://www.alliancememory.com/wp-content/uploads/pdf/AS6C4008.pdf</datasheet>
      <libsource lib="Memory_RAM" part="AS6C4008-55PCN" description="512K x 8 Low Power CMOS RAM, DIP-32"/>
      <property name="Sheetname" value=""/>
      <property name="Sheetfile" value="68k.kicad_sch"/>
      <property name="ki_description" value="512K x 8 Low Power CMOS RAM, DIP-32"/>
      <property name="ki_keywords" value="RAM SRAM CMOS MEMORY"/>
      <sheetpath names="/" tstamps="/"/>
      <tstamps>ac722943-0ff4-4808-8d5d-29938f16f888</tstamps>
    </comp>
    <comp ref="U5">
      <value>AS6C4008-55PCN</value>
      <footprint>Package_DIP:DIP-32_W15.24mm</footprint>
      <datasheet>https://www.alliancememory.com/wp-content/uploads/pdf/AS6C4008.pdf</datasheet>
      <libsource lib="Memory_RAM" part="AS6C4008-55PCN" description="512K x 8 Low Power CMOS RAM, DIP-32"/>
      <property name="Sheetname" value=""/>
      <property name="Sheetfile" value="68k.kicad_sch"/>
      <property name="ki_description" value="512K x 8 Low Power CMOS RAM, DIP-32"/>
      <property name="ki_keywords" value="RAM SRAM CMOS MEMORY"/>
      <sheetpath names="/" tstamps="/"/>
      <tstamps>dd6a6485-f61b-436f-8114-bc5dd6bcfe78</tstamps>
    </comp>
    <comp ref="U10">
      <value>68681</value>
      <footprint>Package_DIP:DIP-40_W15.24mm</footprint>
      <libsource lib="Interface" part="68681" description="Interface serie 2 voies + 1 port parallele"/>
      <property name="Sheetname" value=""/>
      <property name="Sheetfile" value="68k.kicad_sch"/>
      <property name="ki_description" value="Interface serie 2 voies + 1 port parallele"/>
      <property name="ki_keywords" value="MPRO"/>
      <sheetpath names="/" tstamps="/"/>
      <tstamps>7c7cf389-c2a2-4dd1-b284-ad174168910f</tstamps>
    </comp>
    <comp ref="U18">
      <value>NE555P</value>
      <footprint>Package_DIP:DIP-8_W7.62mm</footprint>
      <datasheet>http://www.ti.com/lit/ds/symlink/ne555.pdf</datasheet>
      <libsource lib="Timer" part="NE555P" description="Precision Timers, 555 compatible,  PDIP-8"/>
      <property name="Sheetname" value=""/>
      <property name="Sheetfile" value="68k.kicad_sch"/>
      <property name="ki_description" value="Precision Timers, 555 compatible,  PDIP-8"/>
      <property name="ki_keywords" value="single timer 555"/>
      <sheetpath names="/" tstamps="/"/>
      <tstamps>e1446425-64b3-458e-8f4f-16f542b4a92f</tstamps>
    </comp>
    <comp ref="U19">
      <value>74LS06</value>
      <footprint>Package_DIP:DIP-14_W7.62mm</footprint>
      <datasheet>http://www.ti.com/lit/gpn/sn74LS06</datasheet>
      <libsource lib="74xx" part="74LS06" description="Inverter Open Collect"/>
      <property name="Sheetname" value=""/>
      <property name="Sheetfile" value="68k.kicad_sch"/>
      <property name="ki_description" value="Inverter Open Collect"/>
      <property name="ki_keywords" value="TTL not inv OpenCol"/>
      <sheetpath names="/" tstamps="/"/>
      <tstamps>537d29bb-fcd9-4da9-a1b0-85300ab058ba aab8ebca-55a6-43a9-bb2d-828eba25a6eb 908a3a63-2038-4fee-992e-0db1b5c0596b 831e5851-0d0a-41bd-866e-bb0c9b428772 6fbb5eb3-33e2-4e47-bf73-15d6a8f61c45 363372fc-b62d-496b-b22b-f6e39c1bf8a3</tstamps>
    </comp>
    <comp ref="U20">
      <value>74LS08</value>
      <footprint>Package_DIP:DIP-14_W7.62mm</footprint>
      <datasheet>http://www.ti.com/lit/gpn/sn74LS08</datasheet>
      <libsource lib="74xx" part="74LS08" description="Quad And2"/>
      <property name="Sheetname" value=""/>
      <property name="Sheetfile" value="68k.kicad_sch"/>
      <property name="ki_description" value="Quad And2"/>
      <property name="ki_keywords" value="TTL and2"/>
      <sheetpath names="/" tstamps="/"/>
      <tstamps>098921b0-2af7-49ce-aedd-d87497646a19</tstamps>
    </comp>
    <comp ref="U24">
      <value>PAL24</value>
      <footprint>Package_DIP:DIP-24_W7.62mm</footprint>
      <libsource lib="" part="PAL24_1" description="generic 24-pin Programmable Array Logic (PAL) device"/>
      <property name="Sheetname" value=""/>
      <property name="Sheetfile" value="68k.kicad_sch"/>
      <property name="ki_description" value="generic 24-pin Programmable Array Logic (PAL) device"/>
      <property name="ki_keywords" value="logic programmable PAL"/>
      <sheetpath names="/" tstamps="/"/>
      <tstamps>d8f54b2b-894f-4113-b16e-8ddd69615f5e</tstamps>
    </comp>
    <comp ref="X1">
      <value>OCXO-14</value>
      <footprint>Oscillator:Oscillator_DIP-14</footprint>
      <datasheet>http://cdn-reichelt.de/documents/datenblatt/B400/OSZI.pdf</datasheet>
      <libsource lib="Oscillator" part="CXO_DIP14" description="Crystal Clock Oscillator, DIP14-style metal package"/>
      <property name="Sheetname" value=""/>
      <property name="Sheetfile" value="68k.kicad_sch"/>
      <property name="ki_description" value="Crystal Clock Oscillator, DIP14-style metal package"/>
      <property name="ki_keywords" value="Crystal Clock Oscillator"/>
      <sheetpath names="/" tstamps="/"/>
      <tstamps>6b661458-90b6-4925-bc73-2d96c1a5e3da</tstamps>
    </comp>
    <comp ref="Y1">
      <value>3.6864MHz</value>
      <footprint>Crystal:Crystal_HC18-U_Vertical</footprint>
      <libsource lib="Device" part="Crystal" description="Two pin crystal"/>
      <property name="Sheetname" value=""/>
      <property name="Sheetfile" value="68k.kicad_sch"/>
      <property name="ki_description" value="Two pin crystal"/>
      <property name="ki_keywords" value="quartz ceramic resonator oscillator"/>
      <sheetpath names="/" tstamps="/"/>
      <tstamps>291c09ae-0b0b-48bd-850b-5e7f7632ed5c</tstamps>
    </comp>
  </components>
  <libparts>
    <libpart lib="" part="PAL24_1">
      <description>generic 24-pin Programmable Array Logic (PAL) device</description>
      <docs>~</docs>
      <fields>
        <field name="Reference">U22</field>
        <field name="Value">PAL24</field>
        <field name="Datasheet">~</field>
      </fields>
      <pins>
        <pin num="1" name="OD/CLK" type="passive"/>
        <pin num="2" name="I0" type="passive"/>
        <pin num="3" name="I1" type="passive"/>
        <pin num="4" name="I2" type="passive"/>
        <pin num="5" name="I3" type="passive"/>
        <pin num="6" name="I4" type="passive"/>
        <pin num="7" name="I5" type="passive"/>
        <pin num="8" name="I6" type="passive"/>
        <pin num="9" name="I7" type="passive"/>
        <pin num="10" name="I8" type="passive"/>
        <pin num="11" name="I9" type="passive"/>
        <pin num="12" name="GND" type="passive"/>
        <pin num="13" name="CLK/OD" type="passive"/>
        <pin num="14" name="LR/O4" type="passive"/>
        <pin num="15" name="A0/O3" type="passive"/>
        <pin num="16" name="A1/O2" type="passive"/>
        <pin num="17" name="A2/O1" type="passive"/>
        <pin num="18" name="NC/O0" type="passive"/>
        <pin num="19" name="O4/NC" type="passive"/>
        <pin num="20" name="O3/A2" type="passive"/>
        <pin num="21" name="O2/A1" type="passive"/>
        <pin num="22" name="O1/A0" type="passive"/>
        <pin num="23" name="O0/LR" type="passive"/>
        <pin num="24" name="VCC" type="passive"/>
      </pins>
    </libpart>
    <libpart lib="74xx" part="74LS06">
      <description>Inverter Open Collect</description>
      <docs>http://www.ti.com/lit/gpn/sn74LS06</docs>
      <footprints>
        <fp>DIP*W7.62mm*</fp>
      </footprints>
      <fields>
        <field name="Reference">U</field>
        <field name="Value">74LS06</field>
        <field name="Datasheet">http://www.ti.com/lit/gpn/sn74LS06</field>
      </fields>
      <pins>
        <pin num="1" name="" type="input"/>
        <pin num="2" name="" type="open_collector"/>
        <pin num="3" name="" type="input"/>
        <pin num="4" name="" type="open_collector"/>
        <pin num="5" name="" type="input"/>
        <pin num="6" name="" type="open_collector"/>
        <pin num="7" name="GND" type="power_in"/>
        <pin num="8" name="" type="open_collector"/>
        <pin num="9" name="" type="input"/>
        <pin num="10" name="" type="open_collector"/>
        <pin num="11" name="" type="input"/>
        <pin num="12" name="" type="open_collector"/>
        <pin num="13" name="" type="input"/>
        <pin num="14" name="VCC" type="power_in"/>
      </pins>
    </libpart>
    <libpart lib="74xx" part="74LS08">
      <description>Quad And2</description>
      <docs>http://www.ti.com/lit/gpn/sn74LS08</docs>
      <footprints>
        <fp>DIP*W7.62mm*</fp>
      </footprints>
      <fields>
        <field name="Reference">U</field>
        <field name="Value">74LS08</field>
        <field name="Datasheet">http://www.ti.com/lit/gpn/sn74LS08</field>
      </fields>
      <pins>
        <pin num="1" name="" type="input"/>
        <pin num="2" name="" type="input"/>
        <pin num="3" name="" type="output"/>
        <pin num="4" name="" type="input"/>
        <pin num="5" name="" type="input"/>
        <pin num="6" name="" type="output"/>
        <pin num="7" name="GND" type="power_in"/>
        <pin num="8" name="" type="output"/>
        <pin num="9" name="" type="input"/>
        <pin num="10" name="" type="input"/>
        <pin num="11" name="" type="output"/>
        <pin num="12" name="" type="input"/>
        <pin num="13" name="" type="input"/>
        <pin num="14" name="VCC" type="power_in"/>
      </pins>
    </libpart>
    <libpart lib="CPU_NXP_68000" part="68000D">
      <description>16/32-bit Microprocessor</description>
      <docs>https://www.nxp.com/docs/en/reference-manual/MC68000UM.pdf</docs>
      <fields>
        <field name="Reference">U</field>
        <field name="Value">68000D</field>
        <field name="Datasheet">https://www.nxp.com/docs/en/reference-manual/MC68000UM.pdf</field>
      </fields>
      <pins>
        <pin num="1" name="D4" type="bidirectional"/>
        <pin num="2" name="D3" type="bidirectional"/>
        <pin num="3" name="D2" type="bidirectional"/>
        <pin num="4" name="D1" type="bidirectional"/>
        <pin num="5" name="D0" type="bidirectional"/>
        <pin num="6" name="AS" type="output"/>
        <pin num="7" name="UDS" type="output"/>
        <pin num="8" name="LDS" type="output"/>
        <pin num="9" name="R/W" type="output"/>
        <pin num="10" name="DTACK" type="input"/>
        <pin num="11" name="BG" type="output"/>
        <pin num="12" name="BGACK" type="input"/>
        <pin num="13" name="BR" type="input"/>
        <pin num="14" name="VCC" type="power_in"/>
        <pin num="15" name="CLK" type="input"/>
        <pin num="16" name="GND" type="power_in"/>
        <pin num="17" name="HALT" type="bidirectional"/>
        <pin num="18" name="RESET" type="bidirectional"/>
        <pin num="19" name="VMA" type="output"/>
        <pin num="20" name="E" type="output"/>
        <pin num="21" name="VPA" type="input"/>
        <pin num="22" name="BERR" type="input"/>
        <pin num="23" name="IPL2" type="input"/>
        <pin num="24" name="IPL1" type="input"/>
        <pin num="25" name="IPL0" type="input"/>
        <pin num="26" name="FC2" type="output"/>
        <pin num="27" name="FC1" type="output"/>
        <pin num="28" name="FC0" type="output"/>
        <pin num="29" name="A1" type="output"/>
        <pin num="30" name="A2" type="output"/>
        <pin num="31" name="A3" type="output"/>
        <pin num="32" name="A4" type="output"/>
        <pin num="33" name="A5" type="output"/>
        <pin num="34" name="A6" type="output"/>
        <pin num="35" name="A7" type="output"/>
        <pin num="36" name="A8" type="output"/>
        <pin num="37" name="A9" type="output"/>
        <pin num="38" name="A10" type="output"/>
        <pin num="39" name="A11" type="output"/>
        <pin num="40" name="A12" type="output"/>
        <pin num="41" name="A13" type="output"/>
        <pin num="42" name="A14" type="output"/>
        <pin num="43" name="A15" type="output"/>
        <pin num="44" name="A16" type="output"/>
        <pin num="45" name="A17" type="output"/>
        <pin num="46" name="A18" type="output"/>
        <pin num="47" name="A19" type="output"/>
        <pin num="48" name="A20" type="output"/>
        <pin num="49" name="VCC" type="power_in"/>
        <pin num="50" name="A21" type="output"/>
        <pin num="51" name="A22" type="output"/>
        <pin num="52" name="A23" type="output"/>
        <pin num="53" name="GND" type="power_in"/>
        <pin num="54" name="D15" type="bidirectional"/>
        <pin num="55" name="D14" type="bidirectional"/>
        <pin num="56" name="D13" type="bidirectional"/>
        <pin num="57" name="D12" type="bidirectional"/>
        <pin num="58" name="D11" type="bidirectional"/>
        <pin num="59" name="D10" type="bidirectional"/>
        <pin num="60" name="D9" type="bidirectional"/>
        <pin num="61" name="D8" type="bidirectional"/>
        <pin num="62" name="D7" type="bidirectional"/>
        <pin num="63" name="D6" type="bidirectional"/>
        <pin num="64" name="D5" type="bidirectional"/>
      </pins>
    </libpart>
    <libpart lib="Connector_Generic" part="Conn_01x03">
      <description>Generic connector, single row, 01x03, script generated (kicad-library-utils/schlib/autogen/connector/)</description>
      <docs>~</docs>
      <footprints>
        <fp>Connector*:*_1x??_*</fp>
      </footprints>
      <fields>
        <field name="Reference">J</field>
        <field name="Value">Conn_01x03</field>
        <field name="Datasheet">~</field>
      </fields>
      <pins>
        <pin num="1" name="Pin_1" type="passive"/>
        <pin num="2" name="Pin_2" type="passive"/>
        <pin num="3" name="Pin_3" type="passive"/>
      </pins>
    </libpart>
    <libpart lib="Connector_Generic" part="Conn_01x06">
      <description>Generic connector, single row, 01x06, script generated (kicad-library-utils/schlib/autogen/connector/)</description>
      <docs>~</docs>
      <footprints>
        <fp>Connector*:*_1x??_*</fp>
      </footprints>
      <fields>
        <field name="Reference">J</field>
        <field name="Value">Conn_01x06</field>
        <field name="Datasheet">~</field>
      </fields>
      <pins>
        <pin num="1" name="Pin_1" type="passive"/>
        <pin num="2" name="Pin_2" type="passive"/>
        <pin num="3" name="Pin_3" type="passive"/>
        <pin num="4" name="Pin_4" type="passive"/>
        <pin num="5" name="Pin_5" type="passive"/>
        <pin num="6" name="Pin_6" type="passive"/>
      </pins>
    </libpart>
    <libpart lib="Connector_Generic" part="Conn_01x08">
      <description>Generic connector, single row, 01x08, script generated (kicad-library-utils/schlib/autogen/connector/)</description>
      <docs>~</docs>
      <footprints>
        <fp>Connector*:*_1x??_*</fp>
      </footprints>
      <fields>
        <field name="Reference">J</field>
        <field name="Value">Conn_01x08</field>
        <field name="Datasheet">~</field>
      </fields>
      <pins>
        <pin num="1" name="Pin_1" type="passive"/>
        <pin num="2" name="Pin_2" type="passive"/>
        <pin num="3" name="Pin_3" type="passive"/>
        <pin num="4" name="Pin_4" type="passive"/>
        <pin num="5" name="Pin_5" type="passive"/>
        <pin num="6" name="Pin_6" type="passive"/>
        <pin num="7" name="Pin_7" type="passive"/>
        <pin num="8" name="Pin_8" type="passive"/>
      </pins>
    </libpart>
    <libpart lib="Connector_Generic" part="Conn_02x25_Counter_Clockwise">
      <description>Generic connector, double row, 02x25, counter clockwise pin numbering scheme (similar to DIP package numbering), script generated (kicad-library-utils/schlib/autogen/connector/)</description>
      <docs>~</docs>
      <footprints>
        <fp>Connector*:*_2x??_*</fp>
      </footprints>
      <fields>
        <field name="Reference">J</field>
        <field name="Value">Conn_02x25_Counter_Clockwise</field>
        <field name="Datasheet">~</field>
      </fields>
      <pins>
        <pin num="1" name="Pin_1" type="passive"/>
        <pin num="2" name="Pin_2" type="passive"/>
        <pin num="3" name="Pin_3" type="passive"/>
        <pin num="4" name="Pin_4" type="passive"/>
        <pin num="5" name="Pin_5" type="passive"/>
        <pin num="6" name="Pin_6" type="passive"/>
        <pin num="7" name="Pin_7" type="passive"/>
        <pin num="8" name="Pin_8" type="passive"/>
        <pin num="9" name="Pin_9" type="passive"/>
        <pin num="10" name="Pin_10" type="passive"/>
        <pin num="11" name="Pin_11" type="passive"/>
        <pin num="12" name="Pin_12" type="passive"/>
        <pin num="13" name="Pin_13" type="passive"/>
        <pin num="14" name="Pin_14" type="passive"/>
        <pin num="15" name="Pin_15" type="passive"/>
        <pin num="16" name="Pin_16" type="passive"/>
        <pin num="17" name="Pin_17" type="passive"/>
        <pin num="18" name="Pin_18" type="passive"/>
        <pin num="19" name="Pin_19" type="passive"/>
        <pin num="20" name="Pin_20" type="passive"/>
        <pin num="21" name="Pin_21" type="passive"/>
        <pin num="22" name="Pin_22" type="passive"/>
        <pin num="23" name="Pin_23" type="passive"/>
        <pin num="24" name="Pin_24" type="passive"/>
        <pin num="25" name="Pin_25" type="passive"/>
        <pin num="26" name="Pin_26" type="passive"/>
        <pin num="27" name="Pin_27" type="passive"/>
        <pin num="28" name="Pin_28" type="passive"/>
        <pin num="29" name="Pin_29" type="passive"/>
        <pin num="30" name="Pin_30" type="passive"/>
        <pin num="31" name="Pin_31" type="passive"/>
        <pin num="32" name="Pin_32" type="passive"/>
        <pin num="33" name="Pin_33" type="passive"/>
        <pin num="34" name="Pin_34" type="passive"/>
        <pin num="35" name="Pin_35" type="passive"/>
        <pin num="36" name="Pin_36" type="passive"/>
        <pin num="37" name="Pin_37" type="passive"/>
        <pin num="38" name="Pin_38" type="passive"/>
        <pin num="39" name="Pin_39" type="passive"/>
        <pin num="40" name="Pin_40" type="passive"/>
        <pin num="41" name="Pin_41" type="passive"/>
        <pin num="42" name="Pin_42" type="passive"/>
        <pin num="43" name="Pin_43" type="passive"/>
        <pin num="44" name="Pin_44" type="passive"/>
        <pin num="45" name="Pin_45" type="passive"/>
        <pin num="46" name="Pin_46" type="passive"/>
        <pin num="47" name="Pin_47" type="passive"/>
        <pin num="48" name="Pin_48" type="passive"/>
        <pin num="49" name="Pin_49" type="passive"/>
        <pin num="50" name="Pin_50" type="passive"/>
      </pins>
    </libpart>
    <libpart lib="Device" part="C">
      <description>Unpolarized capacitor</description>
      <docs>~</docs>
      <footprints>
        <fp>C_*</fp>
      </footprints>
      <fields>
        <field name="Reference">C</field>
        <field name="Value">C</field>
        <field name="Datasheet">~</field>
      </fields>
      <pins>
        <pin num="1" name="" type="passive"/>
        <pin num="2" name="" type="passive"/>
      </pins>
    </libpart>
    <libpart lib="Device" part="Crystal">
      <description>Two pin crystal</description>
      <docs>~</docs>
      <footprints>
        <fp>Crystal*</fp>
      </footprints>
      <fields>
        <field name="Reference">Y</field>
        <field name="Value">Crystal</field>
        <field name="Datasheet">~</field>
      </fields>
      <pins>
        <pin num="1" name="1" type="passive"/>
        <pin num="2" name="2" type="passive"/>
      </pins>
    </libpart>
    <libpart lib="Device" part="LED">
      <description>Light emitting diode</description>
      <docs>~</docs>
      <footprints>
        <fp>LED*</fp>
        <fp>LED_SMD:*</fp>
        <fp>LED_THT:*</fp>
      </footprints>
      <fields>
        <field name="Reference">D</field>
        <field name="Value">LED</field>
        <field name="Datasheet">~</field>
      </fields>
      <pins>
        <pin num="1" name="K" type="passive"/>
        <pin num="2" name="A" type="passive"/>
      </pins>
    </libpart>
    <libpart lib="Device" part="R">
      <description>Resistor</description>
      <docs>~</docs>
      <footprints>
        <fp>R_*</fp>
      </footprints>
      <fields>
        <field name="Reference">R</field>
        <field name="Value">R</field>
        <field name="Datasheet">~</field>
      </fields>
      <pins>
        <pin num="1" name="" type="passive"/>
        <pin num="2" name="" type="passive"/>
      </pins>
    </libpart>
    <libpart lib="Interface" part="68681">
      <description>Interface serie 2 voies + 1 port parallele</description>
      <fields>
        <field name="Reference">U</field>
        <field name="Value">68681</field>
      </fields>
      <pins>
        <pin num="1" name="RS1" type="input"/>
        <pin num="2" name="IP3" type="input"/>
        <pin num="3" name="RS2" type="input"/>
        <pin num="4" name="IP1" type="input"/>
        <pin num="5" name="RS3" type="input"/>
        <pin num="6" name="RS4" type="input"/>
        <pin num="7" name="IP0" type="input"/>
        <pin num="8" name="R/W" type="input"/>
        <pin num="9" name="DTACK" type="open_collector"/>
        <pin num="10" name="RXDB" type="input"/>
        <pin num="11" name="TXDB" type="output"/>
        <pin num="12" name="OP1" type="output"/>
        <pin num="13" name="OP3" type="output"/>
        <pin num="14" name="OP5" type="output"/>
        <pin num="15" name="OP7" type="output"/>
        <pin num="16" name="D1" type="tri_state"/>
        <pin num="17" name="D3" type="tri_state"/>
        <pin num="18" name="D5" type="tri_state"/>
        <pin num="19" name="D7" type="tri_state"/>
        <pin num="20" name="GND" type="power_in"/>
        <pin num="21" name="IRQ" type="output"/>
        <pin num="22" name="D6" type="tri_state"/>
        <pin num="23" name="D4" type="tri_state"/>
        <pin num="24" name="D2" type="tri_state"/>
        <pin num="25" name="D0" type="tri_state"/>
        <pin num="26" name="OP6" type="output"/>
        <pin num="27" name="OP4" type="output"/>
        <pin num="28" name="OP2" type="output"/>
        <pin num="29" name="OP0" type="output"/>
        <pin num="30" name="TXDA" type="output"/>
        <pin num="31" name="RXDA" type="input"/>
        <pin num="32" name="X1/CLK" type="input"/>
        <pin num="33" name="X2" type="input"/>
        <pin num="34" name="RESET" type="input"/>
        <pin num="35" name="CS" type="input"/>
        <pin num="36" name="IP2" type="input"/>
        <pin num="37" name="IACK" type="input"/>
        <pin num="38" name="IP5" type="input"/>
        <pin num="39" name="IP4" type="input"/>
        <pin num="40" name="VCC" type="power_in"/>
      </pins>
    </libpart>
    <libpart lib="Jumper" part="Jumper_2_Bridged">
      <description>Jumper, 2-pole, closed/bridged</description>
      <docs>~</docs>
      <footprints>
        <fp>Jumper*</fp>
        <fp>TestPoint*2Pads*</fp>
        <fp>TestPoint*Bridge*</fp>
      </footprints>
      <fields>
        <field name="Reference">JP</field>
        <field name="Value">Jumper_2_Bridged</field>
        <field name="Datasheet">~</field>
      </fields>
      <pins>
        <pin num="1" name="A" type="passive"/>
        <pin num="2" name="B" type="passive"/>
      </pins>
    </libpart>
    <libpart lib="Memory_Flash" part="SST39SF010">
      <description>Silicon Storage Technology (SSF) 128k x 8 Flash ROM</description>
      <docs>http://ww1.microchip.com/downloads/en/DeviceDoc/25022B.pdf</docs>
      <fields>
        <field name="Reference">U</field>
        <field name="Value">SST39SF010</field>
        <field name="Datasheet">http://ww1.microchip.com/downloads/en/DeviceDoc/25022B.pdf</field>
      </fields>
      <pins>
        <pin num="1" name="NC" type="input"/>
        <pin num="2" name="A16" type="input"/>
        <pin num="3" name="A15" type="input"/>
        <pin num="4" name="A12" type="input"/>
        <pin num="5" name="A7" type="input"/>
        <pin num="6" name="A6" type="input"/>
        <pin num="7" name="A5" type="input"/>
        <pin num="8" name="A4" type="input"/>
        <pin num="9" name="A3" type="input"/>
        <pin num="10" name="A2" type="input"/>
        <pin num="11" name="A1" type="input"/>
        <pin num="12" name="A0" type="input"/>
        <pin num="13" name="D0" type="tri_state"/>
        <pin num="14" name="D1" type="tri_state"/>
        <pin num="15" name="D2" type="tri_state"/>
        <pin num="16" name="GND" type="power_in"/>
        <pin num="17" name="D3" type="tri_state"/>
        <pin num="18" name="D4" type="tri_state"/>
        <pin num="19" name="D5" type="tri_state"/>
        <pin num="20" name="D6" type="tri_state"/>
        <pin num="21" name="D7" type="tri_state"/>
        <pin num="22" name="CE" type="input"/>
        <pin num="23" name="A10" type="input"/>
        <pin num="24" name="OE" type="input"/>
        <pin num="25" name="A11" type="input"/>
        <pin num="26" name="A9" type="input"/>
        <pin num="27" name="A8" type="input"/>
        <pin num="28" name="A13" type="input"/>
        <pin num="29" name="A14" type="input"/>
        <pin num="30" name="NC" type="input"/>
        <pin num="31" name="PGM" type="input"/>
        <pin num="32" name="VCC" type="power_in"/>
      </pins>
    </libpart>
    <libpart lib="Memory_RAM" part="AS6C4008-55PCN">
      <description>512K x 8 Low Power CMOS RAM, DIP-32</description>
      <docs>https://www.alliancememory.com/wp-content/uploads/pdf/AS6C4008.pdf</docs>
      <footprints>
        <fp>DIP*W15.24mm*</fp>
      </footprints>
      <fields>
        <field name="Reference">U</field>
        <field name="Value">AS6C4008-55PCN</field>
        <field name="Footprint">Package_DIP:DIP-32_W15.24mm</field>
        <field name="Datasheet">https://www.alliancememory.com/wp-content/uploads/pdf/AS6C4008.pdf</field>
      </fields>
      <pins>
        <pin num="1" name="A18" type="input"/>
        <pin num="2" name="A16" type="input"/>
        <pin num="3" name="A14" type="input"/>
        <pin num="4" name="A12" type="input"/>
        <pin num="5" name="A7" type="input"/>
        <pin num="6" name="A6" type="input"/>
        <pin num="7" name="A5" type="input"/>
        <pin num="8" name="A4" type="input"/>
        <pin num="9" name="A3" type="input"/>
        <pin num="10" name="A2" type="input"/>
        <pin num="11" name="A1" type="input"/>
        <pin num="12" name="A0" type="input"/>
        <pin num="13" name="DQ0" type="tri_state"/>
        <pin num="14" name="DQ1" type="tri_state"/>
        <pin num="15" name="DQ2" type="tri_state"/>
        <pin num="16" name="VSS" type="power_in"/>
        <pin num="17" name="DQ3" type="tri_state"/>
        <pin num="18" name="DQ4" type="tri_state"/>
        <pin num="19" name="DQ5" type="tri_state"/>
        <pin num="20" name="DQ6" type="tri_state"/>
        <pin num="21" name="DQ7" type="tri_state"/>
        <pin num="22" name="CE#" type="input"/>
        <pin num="23" name="A10" type="input"/>
        <pin num="24" name="OE#" type="input"/>
        <pin num="25" name="A11" type="input"/>
        <pin num="26" name="A9" type="input"/>
        <pin num="27" name="A8" type="input"/>
        <pin num="28" name="A13" type="input"/>
        <pin num="29" name="WE#" type="input"/>
        <pin num="30" name="A17" type="input"/>
        <pin num="31" name="A15" type="input"/>
        <pin num="32" name="VCC" type="power_in"/>
      </pins>
    </libpart>
    <libpart lib="Oscillator" part="CXO_DIP14">
      <description>Crystal Clock Oscillator, DIP14-style metal package</description>
      <docs>http://cdn-reichelt.de/documents/datenblatt/B400/OSZI.pdf</docs>
      <footprints>
        <fp>Oscillator*DIP*14*</fp>
      </footprints>
      <fields>
        <field name="Reference">X</field>
        <field name="Value">CXO_DIP14</field>
        <field name="Footprint">Oscillator:Oscillator_DIP-14</field>
        <field name="Datasheet">http://cdn-reichelt.de/documents/datenblatt/B400/OSZI.pdf</field>
      </fields>
      <pins>
        <pin num="1" name="EN" type="input"/>
        <pin num="7" name="GND" type="power_in"/>
        <pin num="8" name="OUT" type="output"/>
        <pin num="14" name="Vcc" type="power_in"/>
      </pins>
    </libpart>
    <libpart lib="Switch" part="SW_Push">
      <description>Push button switch, generic, two pins</description>
      <docs>~</docs>
      <fields>
        <field name="Reference">SW</field>
        <field name="Value">SW_Push</field>
        <field name="Datasheet">~</field>
      </fields>
      <pins>
        <pin num="1" name="1" type="passive"/>
        <pin num="2" name="2" type="passive"/>
      </pins>
    </libpart>
    <libpart lib="Timer" part="NE555P">
      <description>Precision Timers, 555 compatible,  PDIP-8</description>
      <docs>http://www.ti.com/lit/ds/symlink/ne555.pdf</docs>
      <footprints>
        <fp>DIP*W7.62mm*</fp>
      </footprints>
      <fields>
        <field name="Reference">U</field>
        <field name="Value">NE555P</field>
        <field name="Footprint">Package_DIP:DIP-8_W7.62mm</field>
        <field name="Datasheet">http://www.ti.com/lit/ds/symlink/ne555.pdf</field>
      </fields>
      <pins>
        <pin num="1" name="GND" type="power_in"/>
        <pin num="2" name="TR" type="input"/>
        <pin num="3" name="Q" type="output"/>
        <pin num="4" name="R" type="input"/>
        <pin num="5" name="CV" type="input"/>
        <pin num="6" name="THR" type="input"/>
        <pin num="7" name="DIS" type="input"/>
        <pin num="8" name="VCC" type="power_in"/>
      </pins>
    </libpart>
  </libparts>
  <libraries>
    <library logical="74xx">
      <uri>/Applications/KiCad/KiCad.app/Contents/SharedSupport/symbols//74xx.kicad_sym</uri>
    </library>
    <library logical="CPU_NXP_68000">
      <uri>/Applications/KiCad/KiCad.app/Contents/SharedSupport/symbols//CPU_NXP_68000.kicad_sym</uri>
    </library>
    <library logical="Connector_Generic">
      <uri>/Applications/KiCad/KiCad.app/Contents/SharedSupport/symbols//Connector_Generic.kicad_sym</uri>
    </library>
    <library logical="Device">
      <uri>/Applications/KiCad/KiCad.app/Contents/SharedSupport/symbols//Device.kicad_sym</uri>
    </library>
    <library logical="Interface">
      <uri>/Applications/KiCad/KiCad.app/Contents/SharedSupport/symbols//Interface.kicad_sym</uri>
    </library>
    <library logical="Jumper">
      <uri>/Applications/KiCad/KiCad.app/Contents/SharedSupport/symbols//Jumper.kicad_sym</uri>
    </library>
    <library logical="Memory_Flash">
      <uri>/Applications/KiCad/KiCad.app/Contents/SharedSupport/symbols//Memory_Flash.kicad_sym</uri>
    </library>
    <library logical="Memory_RAM">
      <uri>/Applications/KiCad/KiCad.app/Contents/SharedSupport/symbols//Memory_RAM.kicad_sym</uri>
    </library>
    <library logical="Oscillator">
      <uri>/Applications/KiCad/KiCad.app/Contents/SharedSupport/symbols//Oscillator.kicad_sym</uri>
    </library>
    <library logical="Switch">
      <uri>/Applications/KiCad/KiCad.app/Contents/SharedSupport/symbols//Switch.kicad_sym</uri>
    </library>
    <library logical="Timer">
      <uri>/Applications/KiCad/KiCad.app/Contents/SharedSupport/symbols//Timer.kicad_sym</uri>
    </library>
  </libraries>
  <nets>
    <net code="1" name="+5V">
      <node ref="J6" pin="2" pinfunction="Pin_2" pintype="passive"/>
      <node ref="J6" pin="49" pinfunction="Pin_49" pintype="passive"/>
      <node ref="R10" pin="1" pintype="passive"/>
      <node ref="R11" pin="1" pintype="passive"/>
      <node ref="R12" pin="1" pintype="passive"/>
      <node ref="R17" pin="1" pintype="passive"/>
      <node ref="R18" pin="1" pintype="passive"/>
      <node ref="R19" pin="1" pintype="passive"/>
      <node ref="R4" pin="1" pintype="passive"/>
      <node ref="R5" pin="1" pintype="passive"/>
      <node ref="R6" pin="1" pintype="passive"/>
      <node ref="R7" pin="1" pintype="passive"/>
      <node ref="R8" pin="1" pintype="passive"/>
      <node ref="U1" pin="14" pinfunction="VCC" pintype="power_in"/>
      <node ref="U1" pin="49" pinfunction="VCC" pintype="power_in"/>
      <node ref="U10" pin="40" pinfunction="VCC" pintype="power_in"/>
      <node ref="U18" pin="4" pinfunction="R" pintype="input"/>
      <node ref="U18" pin="8" pinfunction="VCC" pintype="power_in"/>
      <node ref="U2" pin="31" pinfunction="PGM" pintype="input"/>
      <node ref="U2" pin="32" pinfunction="VCC" pintype="power_in"/>
      <node ref="U20" pin="14" pinfunction="VCC" pintype="power_in"/>
      <node ref="U3" pin="31" pinfunction="PGM" pintype="input"/>
      <node ref="U3" pin="32" pinfunction="VCC" pintype="power_in"/>
      <node ref="U4" pin="32" pinfunction="VCC" pintype="power_in"/>
      <node ref="U5" pin="32" pinfunction="VCC" pintype="power_in"/>
      <node ref="X1" pin="1" pinfunction="EN" pintype="input"/>
      <node ref="X1" pin="14" pinfunction="Vcc" pintype="power_in"/>
    </net>
    <net code="2" name="/A0">
      <node ref="J6" pin="48" pinfunction="Pin_48" pintype="passive"/>
      <node ref="U1" pin="29" pinfunction="A1" pintype="output"/>
      <node ref="U10" pin="1" pinfunction="RS1" pintype="input"/>
      <node ref="U2" pin="12" pinfunction="A0" pintype="input"/>
      <node ref="U3" pin="12" pinfunction="A0" pintype="input"/>
      <node ref="U4" pin="12" pinfunction="A0" pintype="input"/>
      <node ref="U5" pin="12" pinfunction="A0" pintype="input"/>
    </net>
    <net code="3" name="/A1">
      <node ref="J6" pin="47" pinfunction="Pin_47" pintype="passive"/>
      <node ref="U1" pin="30" pinfunction="A2" pintype="output"/>
      <node ref="U10" pin="3" pinfunction="RS2" pintype="input"/>
      <node ref="U2" pin="11" pinfunction="A1" pintype="input"/>
      <node ref="U3" pin="11" pinfunction="A1" pintype="input"/>
      <node ref="U4" pin="11" pinfunction="A1" pintype="input"/>
      <node ref="U5" pin="11" pinfunction="A1" pintype="input"/>
    </net>
    <net code="4" name="/A2">
      <node ref="J6" pin="46" pinfunction="Pin_46" pintype="passive"/>
      <node ref="U1" pin="31" pinfunction="A3" pintype="output"/>
      <node ref="U10" pin="5" pinfunction="RS3" pintype="input"/>
      <node ref="U2" pin="10" pinfunction="A2" pintype="input"/>
      <node ref="U3" pin="10" pinfunction="A2" pintype="input"/>
      <node ref="U4" pin="10" pinfunction="A2" pintype="input"/>
      <node ref="U5" pin="10" pinfunction="A2" pintype="input"/>
    </net>
    <net code="5" name="/A3">
      <node ref="J6" pin="45" pinfunction="Pin_45" pintype="passive"/>
      <node ref="U1" pin="32" pinfunction="A4" pintype="output"/>
      <node ref="U10" pin="6" pinfunction="RS4" pintype="input"/>
      <node ref="U2" pin="9" pinfunction="A3" pintype="input"/>
      <node ref="U3" pin="9" pinfunction="A3" pintype="input"/>
      <node ref="U4" pin="9" pinfunction="A3" pintype="input"/>
      <node ref="U5" pin="9" pinfunction="A3" pintype="input"/>
    </net>
    <net code="6" name="/A4">
      <node ref="J6" pin="44" pinfunction="Pin_44" pintype="passive"/>
      <node ref="U1" pin="33" pinfunction="A5" pintype="output"/>
      <node ref="U2" pin="8" pinfunction="A4" pintype="input"/>
      <node ref="U3" pin="8" pinfunction="A4" pintype="input"/>
      <node ref="U4" pin="8" pinfunction="A4" pintype="input"/>
      <node ref="U5" pin="8" pinfunction="A4" pintype="input"/>
    </net>
    <net code="7" name="/A5">
      <node ref="J6" pin="43" pinfunction="Pin_43" pintype="passive"/>
      <node ref="U1" pin="34" pinfunction="A6" pintype="output"/>
      <node ref="U2" pin="7" pinfunction="A5" pintype="input"/>
      <node ref="U3" pin="7" pinfunction="A5" pintype="input"/>
      <node ref="U4" pin="7" pinfunction="A5" pintype="input"/>
      <node ref="U5" pin="7" pinfunction="A5" pintype="input"/>
    </net>
    <net code="8" name="/A6">
      <node ref="J6" pin="42" pinfunction="Pin_42" pintype="passive"/>
      <node ref="U1" pin="35" pinfunction="A7" pintype="output"/>
      <node ref="U2" pin="6" pinfunction="A6" pintype="input"/>
      <node ref="U3" pin="6" pinfunction="A6" pintype="input"/>
      <node ref="U4" pin="6" pinfunction="A6" pintype="input"/>
      <node ref="U5" pin="6" pinfunction="A6" pintype="input"/>
    </net>
    <net code="9" name="/A7">
      <node ref="J6" pin="41" pinfunction="Pin_41" pintype="passive"/>
      <node ref="U1" pin="36" pinfunction="A8" pintype="output"/>
      <node ref="U2" pin="5" pinfunction="A7" pintype="input"/>
      <node ref="U3" pin="5" pinfunction="A7" pintype="input"/>
      <node ref="U4" pin="5" pinfunction="A7" pintype="input"/>
      <node ref="U5" pin="5" pinfunction="A7" pintype="input"/>
    </net>
    <net code="10" name="/A8">
      <node ref="J6" pin="40" pinfunction="Pin_40" pintype="passive"/>
      <node ref="U1" pin="37" pinfunction="A9" pintype="output"/>
      <node ref="U2" pin="27" pinfunction="A8" pintype="input"/>
      <node ref="U3" pin="27" pinfunction="A8" pintype="input"/>
      <node ref="U4" pin="27" pinfunction="A8" pintype="input"/>
      <node ref="U5" pin="27" pinfunction="A8" pintype="input"/>
    </net>
    <net code="11" name="/A9">
      <node ref="J6" pin="39" pinfunction="Pin_39" pintype="passive"/>
      <node ref="U1" pin="38" pinfunction="A10" pintype="output"/>
      <node ref="U2" pin="26" pinfunction="A9" pintype="input"/>
      <node ref="U3" pin="26" pinfunction="A9" pintype="input"/>
      <node ref="U4" pin="26" pinfunction="A9" pintype="input"/>
      <node ref="U5" pin="26" pinfunction="A9" pintype="input"/>
    </net>
    <net code="12" name="/A10">
      <node ref="J6" pin="38" pinfunction="Pin_38" pintype="passive"/>
      <node ref="U1" pin="39" pinfunction="A11" pintype="output"/>
      <node ref="U2" pin="23" pinfunction="A10" pintype="input"/>
      <node ref="U3" pin="23" pinfunction="A10" pintype="input"/>
      <node ref="U4" pin="23" pinfunction="A10" pintype="input"/>
      <node ref="U5" pin="23" pinfunction="A10" pintype="input"/>
    </net>
    <net code="13" name="/A11">
      <node ref="J6" pin="37" pinfunction="Pin_37" pintype="passive"/>
      <node ref="U1" pin="40" pinfunction="A12" pintype="output"/>
      <node ref="U2" pin="25" pinfunction="A11" pintype="input"/>
      <node ref="U3" pin="25" pinfunction="A11" pintype="input"/>
      <node ref="U4" pin="25" pinfunction="A11" pintype="input"/>
      <node ref="U5" pin="25" pinfunction="A11" pintype="input"/>
    </net>
    <net code="14" name="/A12">
      <node ref="J6" pin="36" pinfunction="Pin_36" pintype="passive"/>
      <node ref="U1" pin="41" pinfunction="A13" pintype="output"/>
      <node ref="U2" pin="4" pinfunction="A12" pintype="input"/>
      <node ref="U3" pin="4" pinfunction="A12" pintype="input"/>
      <node ref="U4" pin="4" pinfunction="A12" pintype="input"/>
      <node ref="U5" pin="4" pinfunction="A12" pintype="input"/>
    </net>
    <net code="15" name="/A13">
      <node ref="J6" pin="35" pinfunction="Pin_35" pintype="passive"/>
      <node ref="U1" pin="42" pinfunction="A14" pintype="output"/>
      <node ref="U2" pin="28" pinfunction="A13" pintype="input"/>
      <node ref="U3" pin="28" pinfunction="A13" pintype="input"/>
      <node ref="U4" pin="28" pinfunction="A13" pintype="input"/>
      <node ref="U5" pin="28" pinfunction="A13" pintype="input"/>
    </net>
    <net code="16" name="/A14">
      <node ref="J6" pin="34" pinfunction="Pin_34" pintype="passive"/>
      <node ref="U1" pin="43" pinfunction="A15" pintype="output"/>
      <node ref="U2" pin="29" pinfunction="A14" pintype="input"/>
      <node ref="U3" pin="29" pinfunction="A14" pintype="input"/>
      <node ref="U4" pin="3" pinfunction="A14" pintype="input"/>
      <node ref="U5" pin="3" pinfunction="A14" pintype="input"/>
    </net>
    <net code="17" name="/A15">
      <node ref="J6" pin="33" pinfunction="Pin_33" pintype="passive"/>
      <node ref="U1" pin="44" pinfunction="A16" pintype="output"/>
      <node ref="U2" pin="3" pinfunction="A15" pintype="input"/>
      <node ref="U3" pin="3" pinfunction="A15" pintype="input"/>
      <node ref="U4" pin="31" pinfunction="A15" pintype="input"/>
      <node ref="U5" pin="31" pinfunction="A15" pintype="input"/>
    </net>
    <net code="18" name="/A16">
      <node ref="J6" pin="32" pinfunction="Pin_32" pintype="passive"/>
      <node ref="U1" pin="45" pinfunction="A17" pintype="output"/>
      <node ref="U2" pin="2" pinfunction="A16" pintype="input"/>
      <node ref="U3" pin="2" pinfunction="A16" pintype="input"/>
      <node ref="U4" pin="2" pinfunction="A16" pintype="input"/>
      <node ref="U5" pin="2" pinfunction="A16" pintype="input"/>
    </net>
    <net code="19" name="/A17">
      <node ref="J6" pin="31" pinfunction="Pin_31" pintype="passive"/>
      <node ref="U1" pin="46" pinfunction="A18" pintype="output"/>
      <node ref="U4" pin="30" pinfunction="A17" pintype="input"/>
      <node ref="U5" pin="30" pinfunction="A17" pintype="input"/>
    </net>
    <net code="20" name="/A18">
      <node ref="J6" pin="30" pinfunction="Pin_30" pintype="passive"/>
      <node ref="U1" pin="47" pinfunction="A19" pintype="output"/>
      <node ref="U4" pin="1" pinfunction="A18" pintype="input"/>
      <node ref="U5" pin="1" pinfunction="A18" pintype="input"/>
    </net>
    <net code="21" name="/A19">
      <node ref="J6" pin="29" pinfunction="Pin_29" pintype="passive"/>
      <node ref="U1" pin="48" pinfunction="A20" pintype="output"/>
      <node ref="U24" pin="2" pinfunction="I0" pintype="passive"/>
    </net>
    <net code="22" name="/A20">
      <node ref="J6" pin="28" pinfunction="Pin_28" pintype="passive"/>
      <node ref="U1" pin="50" pinfunction="A21" pintype="output"/>
      <node ref="U24" pin="3" pinfunction="I1" pintype="passive"/>
    </net>
    <net code="23" name="/A21">
      <node ref="J6" pin="27" pinfunction="Pin_27" pintype="passive"/>
      <node ref="U1" pin="51" pinfunction="A22" pintype="output"/>
      <node ref="U24" pin="4" pinfunction="I2" pintype="passive"/>
    </net>
    <net code="24" name="/A22">
      <node ref="J6" pin="26" pinfunction="Pin_26" pintype="passive"/>
      <node ref="U1" pin="52" pinfunction="A23" pintype="output"/>
      <node ref="U24" pin="5" pinfunction="I3" pintype="passive"/>
    </net>
    <net code="25" name="/D0">
      <node ref="J6" pin="3" pinfunction="Pin_3" pintype="passive"/>
      <node ref="U1" pin="5" pinfunction="D0" pintype="bidirectional"/>
      <node ref="U10" pin="25" pinfunction="D0" pintype="tri_state"/>
      <node ref="U2" pin="13" pinfunction="D0" pintype="tri_state"/>
      <node ref="U5" pin="13" pinfunction="DQ0" pintype="tri_state"/>
    </net>
    <net code="26" name="/D1">
      <node ref="J6" pin="4" pinfunction="Pin_4" pintype="passive"/>
      <node ref="U1" pin="4" pinfunction="D1" pintype="bidirectional"/>
      <node ref="U10" pin="16" pinfunction="D1" pintype="tri_state"/>
      <node ref="U2" pin="14" pinfunction="D1" pintype="tri_state"/>
      <node ref="U5" pin="14" pinfunction="DQ1" pintype="tri_state"/>
    </net>
    <net code="27" name="/D2">
      <node ref="J6" pin="5" pinfunction="Pin_5" pintype="passive"/>
      <node ref="U1" pin="3" pinfunction="D2" pintype="bidirectional"/>
      <node ref="U10" pin="24" pinfunction="D2" pintype="tri_state"/>
      <node ref="U2" pin="15" pinfunction="D2" pintype="tri_state"/>
      <node ref="U5" pin="15" pinfunction="DQ2" pintype="tri_state"/>
    </net>
    <net code="28" name="/D3">
      <node ref="J6" pin="6" pinfunction="Pin_6" pintype="passive"/>
      <node ref="U1" pin="2" pinfunction="D3" pintype="bidirectional"/>
      <node ref="U10" pin="17" pinfunction="D3" pintype="tri_state"/>
      <node ref="U2" pin="17" pinfunction="D3" pintype="tri_state"/>
      <node ref="U5" pin="17" pinfunction="DQ3" pintype="tri_state"/>
    </net>
    <net code="29" name="/D4">
      <node ref="J6" pin="7" pinfunction="Pin_7" pintype="passive"/>
      <node ref="U1" pin="1" pinfunction="D4" pintype="bidirectional"/>
      <node ref="U10" pin="23" pinfunction="D4" pintype="tri_state"/>
      <node ref="U2" pin="18" pinfunction="D4" pintype="tri_state"/>
      <node ref="U5" pin="18" pinfunction="DQ4" pintype="tri_state"/>
    </net>
    <net code="30" name="/D5">
      <node ref="J6" pin="8" pinfunction="Pin_8" pintype="passive"/>
      <node ref="U1" pin="64" pinfunction="D5" pintype="bidirectional"/>
      <node ref="U10" pin="18" pinfunction="D5" pintype="tri_state"/>
      <node ref="U2" pin="19" pinfunction="D5" pintype="tri_state"/>
      <node ref="U5" pin="19" pinfunction="DQ5" pintype="tri_state"/>
    </net>
    <net code="31" name="/D6">
      <node ref="J6" pin="9" pinfunction="Pin_9" pintype="passive"/>
      <node ref="U1" pin="63" pinfunction="D6" pintype="bidirectional"/>
      <node ref="U10" pin="22" pinfunction="D6" pintype="tri_state"/>
      <node ref="U2" pin="20" pinfunction="D6" pintype="tri_state"/>
      <node ref="U5" pin="20" pinfunction="DQ6" pintype="tri_state"/>
    </net>
    <net code="32" name="/D7">
      <node ref="J6" pin="10" pinfunction="Pin_10" pintype="passive"/>
      <node ref="U1" pin="62" pinfunction="D7" pintype="bidirectional"/>
      <node ref="U10" pin="19" pinfunction="D7" pintype="tri_state"/>
      <node ref="U2" pin="21" pinfunction="D7" pintype="tri_state"/>
      <node ref="U5" pin="21" pinfunction="DQ7" pintype="tri_state"/>
    </net>
    <net code="33" name="/D8">
      <node ref="J6" pin="11" pinfunction="Pin_11" pintype="passive"/>
      <node ref="U1" pin="61" pinfunction="D8" pintype="bidirectional"/>
      <node ref="U3" pin="13" pinfunction="D0" pintype="tri_state"/>
      <node ref="U4" pin="13" pinfunction="DQ0" pintype="tri_state"/>
    </net>
    <net code="34" name="/D9">
      <node ref="J6" pin="12" pinfunction="Pin_12" pintype="passive"/>
      <node ref="U1" pin="60" pinfunction="D9" pintype="bidirectional"/>
      <node ref="U3" pin="14" pinfunction="D1" pintype="tri_state"/>
      <node ref="U4" pin="14" pinfunction="DQ1" pintype="tri_state"/>
    </net>
    <net code="35" name="/D10">
      <node ref="J6" pin="13" pinfunction="Pin_13" pintype="passive"/>
      <node ref="U1" pin="59" pinfunction="D10" pintype="bidirectional"/>
      <node ref="U3" pin="15" pinfunction="D2" pintype="tri_state"/>
      <node ref="U4" pin="15" pinfunction="DQ2" pintype="tri_state"/>
    </net>
    <net code="36" name="/D11">
      <node ref="J6" pin="14" pinfunction="Pin_14" pintype="passive"/>
      <node ref="U1" pin="58" pinfunction="D11" pintype="bidirectional"/>
      <node ref="U3" pin="17" pinfunction="D3" pintype="tri_state"/>
      <node ref="U4" pin="17" pinfunction="DQ3" pintype="tri_state"/>
    </net>
    <net code="37" name="/D12">
      <node ref="J6" pin="15" pinfunction="Pin_15" pintype="passive"/>
      <node ref="U1" pin="57" pinfunction="D12" pintype="bidirectional"/>
      <node ref="U3" pin="18" pinfunction="D4" pintype="tri_state"/>
      <node ref="U4" pin="18" pinfunction="DQ4" pintype="tri_state"/>
    </net>
    <net code="38" name="/D13">
      <node ref="J6" pin="16" pinfunction="Pin_16" pintype="passive"/>
      <node ref="U1" pin="56" pinfunction="D13" pintype="bidirectional"/>
      <node ref="U3" pin="19" pinfunction="D5" pintype="tri_state"/>
      <node ref="U4" pin="19" pinfunction="DQ5" pintype="tri_state"/>
    </net>
    <net code="39" name="/D14">
      <node ref="J6" pin="17" pinfunction="Pin_17" pintype="passive"/>
      <node ref="U1" pin="55" pinfunction="D14" pintype="bidirectional"/>
      <node ref="U3" pin="20" pinfunction="D6" pintype="tri_state"/>
      <node ref="U4" pin="20" pinfunction="DQ6" pintype="tri_state"/>
    </net>
    <net code="40" name="/D15">
      <node ref="J6" pin="18" pinfunction="Pin_18" pintype="passive"/>
      <node ref="U1" pin="54" pinfunction="D15" pintype="bidirectional"/>
      <node ref="U3" pin="21" pinfunction="D7" pintype="tri_state"/>
      <node ref="U4" pin="21" pinfunction="DQ7" pintype="tri_state"/>
    </net>
    <net code="41" name="/DUART">
      <node ref="U10" pin="35" pinfunction="CS" pintype="input"/>
      <node ref="U24" pin="15" pinfunction="A0/O3" pintype="passive"/>
    </net>
    <net code="42" name="/I6">
      <node ref="JP1" pin="1" pinfunction="A" pintype="passive"/>
      <node ref="R12" pin="2" pintype="passive"/>
      <node ref="U1" pin="23" pinfunction="IPL2" pintype="input"/>
    </net>
    <net code="43" name="/R,~{W}">
      <node ref="J6" pin="22" pinfunction="Pin_22" pintype="passive"/>
      <node ref="U1" pin="9" pinfunction="R/W" pintype="output"/>
      <node ref="U10" pin="8" pinfunction="R/W" pintype="input"/>
      <node ref="U24" pin="9" pinfunction="I7" pintype="passive"/>
    </net>
    <net code="44" name="/{slash}B1">
      <node ref="U24" pin="19" pinfunction="O4/NC" pintype="passive"/>
      <node ref="U4" pin="22" pinfunction="CE#" pintype="input"/>
      <node ref="U5" pin="22" pinfunction="CE#" pintype="input"/>
    </net>
    <net code="45" name="/{slash}DTACK">
      <node ref="U1" pin="10" pinfunction="DTACK" pintype="input"/>
      <node ref="U24" pin="14" pinfunction="LR/O4" pintype="passive"/>
    </net>
    <net code="46" name="/{slash}DTACKIN">
      <node ref="U10" pin="9" pinfunction="DTACK" pintype="open_collector"/>
      <node ref="U24" pin="11" pinfunction="I9" pintype="passive"/>
    </net>
    <net code="47" name="/{slash}IDE">
      <node ref="J6" pin="23" pinfunction="Pin_23" pintype="passive"/>
      <node ref="U24" pin="16" pinfunction="A1/O2" pintype="passive"/>
    </net>
    <net code="48" name="/{slash}ROM">
      <node ref="U2" pin="22" pinfunction="CE" pintype="input"/>
      <node ref="U24" pin="20" pinfunction="O3/A2" pintype="passive"/>
      <node ref="U3" pin="22" pinfunction="CE" pintype="input"/>
    </net>
    <net code="49" name="/~{AS}">
      <node ref="J6" pin="19" pinfunction="Pin_19" pintype="passive"/>
      <node ref="U1" pin="6" pinfunction="AS" pintype="output"/>
      <node ref="U24" pin="6" pinfunction="I4" pintype="passive"/>
    </net>
    <net code="50" name="/~{IPL0}">
      <node ref="J6" pin="24" pinfunction="Pin_24" pintype="passive"/>
      <node ref="R11" pin="2" pintype="passive"/>
      <node ref="U1" pin="25" pinfunction="IPL0" pintype="input"/>
    </net>
    <net code="51" name="/~{IPL1}">
      <node ref="J6" pin="25" pinfunction="Pin_25" pintype="passive"/>
      <node ref="R10" pin="2" pintype="passive"/>
      <node ref="U1" pin="24" pinfunction="IPL1" pintype="input"/>
    </net>
    <net code="52" name="/~{LDS}">
      <node ref="J6" pin="21" pinfunction="Pin_21" pintype="passive"/>
      <node ref="U1" pin="8" pinfunction="LDS" pintype="output"/>
      <node ref="U24" pin="1" pinfunction="OD/CLK" pintype="passive"/>
      <node ref="U24" pin="8" pinfunction="I6" pintype="passive"/>
    </net>
    <net code="53" name="/~{RDL}">
      <node ref="U2" pin="24" pinfunction="OE" pintype="input"/>
      <node ref="U24" pin="18" pinfunction="NC/O0" pintype="passive"/>
      <node ref="U5" pin="24" pinfunction="OE#" pintype="input"/>
    </net>
    <net code="54" name="/~{RDU}">
      <node ref="U24" pin="21" pinfunction="O2/A1" pintype="passive"/>
      <node ref="U3" pin="24" pinfunction="OE" pintype="input"/>
      <node ref="U4" pin="24" pinfunction="OE#" pintype="input"/>
    </net>
    <net code="55" name="/~{RST}">
      <node ref="R6" pin="2" pintype="passive"/>
      <node ref="U1" pin="18" pinfunction="RESET" pintype="bidirectional"/>
      <node ref="U10" pin="34" pinfunction="RESET" pintype="input"/>
      <node ref="U19" pin="2" pintype="open_collector"/>
    </net>
    <net code="56" name="/~{UDS}">
      <node ref="J6" pin="20" pinfunction="Pin_20" pintype="passive"/>
      <node ref="U1" pin="7" pinfunction="UDS" pintype="output"/>
      <node ref="U24" pin="7" pinfunction="I5" pintype="passive"/>
    </net>
    <net code="57" name="/~{WRL}">
      <node ref="U24" pin="17" pinfunction="A2/O1" pintype="passive"/>
      <node ref="U5" pin="29" pinfunction="WE#" pintype="input"/>
    </net>
    <net code="58" name="/~{WRU}">
      <node ref="U24" pin="22" pinfunction="O1/A0" pintype="passive"/>
      <node ref="U4" pin="29" pinfunction="WE#" pintype="input"/>
    </net>
    <net code="59" name="GND">
      <node ref="C1" pin="2" pintype="passive"/>
      <node ref="C2" pin="2" pintype="passive"/>
      <node ref="C3" pin="2" pintype="passive"/>
      <node ref="J1" pin="3" pinfunction="Pin_3" pintype="passive"/>
      <node ref="J2" pin="3" pinfunction="Pin_3" pintype="passive"/>
      <node ref="J6" pin="1" pinfunction="Pin_1" pintype="passive"/>
      <node ref="J6" pin="50" pinfunction="Pin_50" pintype="passive"/>
      <node ref="R1" pin="1" pintype="passive"/>
      <node ref="R2" pin="1" pintype="passive"/>
      <node ref="R3" pin="1" pintype="passive"/>
      <node ref="SW1" pin="1" pinfunction="1" pintype="passive"/>
      <node ref="U1" pin="16" pinfunction="GND" pintype="power_in"/>
      <node ref="U1" pin="53" pinfunction="GND" pintype="power_in"/>
      <node ref="U10" pin="20" pinfunction="GND" pintype="power_in"/>
      <node ref="U18" pin="1" pinfunction="GND" pintype="power_in"/>
      <node ref="U19" pin="11" pintype="input"/>
      <node ref="U19" pin="13" pintype="input"/>
      <node ref="U19" pin="5" pintype="input"/>
      <node ref="U19" pin="9" pintype="input"/>
      <node ref="U2" pin="16" pinfunction="GND" pintype="power_in"/>
      <node ref="U20" pin="7" pinfunction="GND" pintype="power_in"/>
      <node ref="U3" pin="16" pinfunction="GND" pintype="power_in"/>
      <node ref="U4" pin="16" pinfunction="VSS" pintype="power_in"/>
      <node ref="U5" pin="16" pinfunction="VSS" pintype="power_in"/>
      <node ref="X1" pin="7" pinfunction="GND" pintype="power_in"/>
    </net>
    <net code="60" name="Net-(D1-A)">
      <node ref="D1" pin="2" pinfunction="A" pintype="passive"/>
      <node ref="U1" pin="28" pinfunction="FC0" pintype="output"/>
    </net>
    <net code="61" name="Net-(D1-K)">
      <node ref="D1" pin="1" pinfunction="K" pintype="passive"/>
      <node ref="R1" pin="2" pintype="passive"/>
    </net>
    <net code="62" name="Net-(D2-A)">
      <node ref="D2" pin="2" pinfunction="A" pintype="passive"/>
      <node ref="U1" pin="27" pinfunction="FC1" pintype="output"/>
    </net>
    <net code="63" name="Net-(D2-K)">
      <node ref="D2" pin="1" pinfunction="K" pintype="passive"/>
      <node ref="R2" pin="2" pintype="passive"/>
    </net>
    <net code="64" name="Net-(D3-A)">
      <node ref="D3" pin="2" pinfunction="A" pintype="passive"/>
      <node ref="U1" pin="26" pinfunction="FC2" pintype="output"/>
    </net>
    <net code="65" name="Net-(D3-K)">
      <node ref="D3" pin="1" pinfunction="K" pintype="passive"/>
      <node ref="R3" pin="2" pintype="passive"/>
    </net>
    <net code="66" name="Net-(J1-Pin_1)">
      <node ref="J1" pin="1" pinfunction="Pin_1" pintype="passive"/>
      <node ref="U10" pin="30" pinfunction="TXDA" pintype="output"/>
    </net>
    <net code="67" name="Net-(J1-Pin_2)">
      <node ref="J1" pin="2" pinfunction="Pin_2" pintype="passive"/>
      <node ref="U10" pin="31" pinfunction="RXDA" pintype="input"/>
    </net>
    <net code="68" name="Net-(J2-Pin_1)">
      <node ref="J2" pin="1" pinfunction="Pin_1" pintype="passive"/>
      <node ref="U10" pin="11" pinfunction="TXDB" pintype="output"/>
    </net>
    <net code="69" name="Net-(J2-Pin_2)">
      <node ref="J2" pin="2" pinfunction="Pin_2" pintype="passive"/>
      <node ref="U10" pin="10" pinfunction="RXDB" pintype="input"/>
    </net>
    <net code="70" name="Net-(J3-Pin_1)">
      <node ref="J3" pin="1" pinfunction="Pin_1" pintype="passive"/>
      <node ref="U10" pin="29" pinfunction="OP0" pintype="output"/>
    </net>
    <net code="71" name="Net-(J3-Pin_2)">
      <node ref="J3" pin="2" pinfunction="Pin_2" pintype="passive"/>
      <node ref="U10" pin="12" pinfunction="OP1" pintype="output"/>
    </net>
    <net code="72" name="Net-(J3-Pin_3)">
      <node ref="J3" pin="3" pinfunction="Pin_3" pintype="passive"/>
      <node ref="U10" pin="28" pinfunction="OP2" pintype="output"/>
    </net>
    <net code="73" name="Net-(J3-Pin_4)">
      <node ref="J3" pin="4" pinfunction="Pin_4" pintype="passive"/>
      <node ref="U10" pin="13" pinfunction="OP3" pintype="output"/>
    </net>
    <net code="74" name="Net-(J3-Pin_5)">
      <node ref="J3" pin="5" pinfunction="Pin_5" pintype="passive"/>
      <node ref="U10" pin="27" pinfunction="OP4" pintype="output"/>
    </net>
    <net code="75" name="Net-(J3-Pin_6)">
      <node ref="J3" pin="6" pinfunction="Pin_6" pintype="passive"/>
      <node ref="U10" pin="14" pinfunction="OP5" pintype="output"/>
    </net>
    <net code="76" name="Net-(J3-Pin_7)">
      <node ref="J3" pin="7" pinfunction="Pin_7" pintype="passive"/>
      <node ref="U10" pin="26" pinfunction="OP6" pintype="output"/>
    </net>
    <net code="77" name="Net-(J3-Pin_8)">
      <node ref="J3" pin="8" pinfunction="Pin_8" pintype="passive"/>
      <node ref="U10" pin="15" pinfunction="OP7" pintype="output"/>
    </net>
    <net code="78" name="Net-(J4-Pin_1)">
      <node ref="J4" pin="1" pinfunction="Pin_1" pintype="passive"/>
      <node ref="U10" pin="7" pinfunction="IP0" pintype="input"/>
    </net>
    <net code="79" name="Net-(J4-Pin_2)">
      <node ref="J4" pin="2" pinfunction="Pin_2" pintype="passive"/>
      <node ref="U10" pin="4" pinfunction="IP1" pintype="input"/>
    </net>
    <net code="80" name="Net-(J4-Pin_3)">
      <node ref="J4" pin="3" pinfunction="Pin_3" pintype="passive"/>
      <node ref="U10" pin="36" pinfunction="IP2" pintype="input"/>
    </net>
    <net code="81" name="Net-(J4-Pin_4)">
      <node ref="J4" pin="4" pinfunction="Pin_4" pintype="passive"/>
      <node ref="U10" pin="2" pinfunction="IP3" pintype="input"/>
    </net>
    <net code="82" name="Net-(J4-Pin_5)">
      <node ref="J4" pin="5" pinfunction="Pin_5" pintype="passive"/>
      <node ref="U10" pin="39" pinfunction="IP4" pintype="input"/>
    </net>
    <net code="83" name="Net-(J4-Pin_6)">
      <node ref="J4" pin="6" pinfunction="Pin_6" pintype="passive"/>
      <node ref="U10" pin="38" pinfunction="IP5" pintype="input"/>
    </net>
    <net code="84" name="Net-(JP1-B)">
      <node ref="JP1" pin="2" pinfunction="B" pintype="passive"/>
      <node ref="U10" pin="21" pinfunction="IRQ" pintype="output"/>
    </net>
    <net code="85" name="Net-(U1-BERR)">
      <node ref="R7" pin="2" pintype="passive"/>
      <node ref="U1" pin="22" pinfunction="BERR" pintype="input"/>
    </net>
    <net code="86" name="Net-(U1-BGACK)">
      <node ref="R17" pin="2" pintype="passive"/>
      <node ref="U1" pin="12" pinfunction="BGACK" pintype="input"/>
    </net>
    <net code="87" name="Net-(U1-BR)">
      <node ref="R18" pin="2" pintype="passive"/>
      <node ref="U1" pin="13" pinfunction="BR" pintype="input"/>
    </net>
    <net code="88" name="Net-(U1-CLK)">
      <node ref="U1" pin="15" pinfunction="CLK" pintype="input"/>
      <node ref="X1" pin="8" pinfunction="OUT" pintype="output"/>
    </net>
    <net code="89" name="Net-(U1-HALT)">
      <node ref="R5" pin="2" pintype="passive"/>
      <node ref="U1" pin="17" pinfunction="HALT" pintype="bidirectional"/>
      <node ref="U19" pin="4" pintype="open_collector"/>
    </net>
    <net code="90" name="Net-(U1-VMA)">
      <node ref="R19" pin="2" pintype="passive"/>
      <node ref="U1" pin="19" pinfunction="VMA" pintype="output"/>
    </net>
    <net code="91" name="Net-(U10-IACK)">
      <node ref="R8" pin="2" pintype="passive"/>
      <node ref="U10" pin="37" pinfunction="IACK" pintype="input"/>
    </net>
    <net code="92" name="Net-(U10-X1{slash}CLK)">
      <node ref="C2" pin="1" pintype="passive"/>
      <node ref="U10" pin="32" pinfunction="X1/CLK" pintype="input"/>
      <node ref="Y1" pin="2" pinfunction="2" pintype="passive"/>
    </net>
    <net code="93" name="Net-(U10-X2)">
      <node ref="C1" pin="1" pintype="passive"/>
      <node ref="U10" pin="33" pinfunction="X2" pintype="input"/>
      <node ref="Y1" pin="1" pinfunction="1" pintype="passive"/>
    </net>
    <net code="94" name="Net-(U18-Q)">
      <node ref="U18" pin="3" pinfunction="Q" pintype="output"/>
      <node ref="U19" pin="1" pintype="input"/>
      <node ref="U19" pin="3" pintype="input"/>
    </net>
    <net code="95" name="Net-(U18-THR)">
      <node ref="C3" pin="1" pintype="passive"/>
      <node ref="R4" pin="2" pintype="passive"/>
      <node ref="SW1" pin="2" pinfunction="2" pintype="passive"/>
      <node ref="U18" pin="2" pinfunction="TR" pintype="input"/>
      <node ref="U18" pin="6" pinfunction="THR" pintype="input"/>
    </net>
    <net code="96" name="Net-(U24-I8)">
      <node ref="U24" pin="10" pinfunction="I8" pintype="passive"/>
      <node ref="U24" pin="23" pinfunction="O0/LR" pintype="passive"/>
    </net>
    <net code="97" name="unconnected-(U1-BG-Pad11)">
      <node ref="U1" pin="11" pinfunction="BG" pintype="output"/>
    </net>
    <net code="98" name="unconnected-(U1-E-Pad20)">
      <node ref="U1" pin="20" pinfunction="E" pintype="output"/>
    </net>
    <net code="99" name="unconnected-(U1-VPA-Pad21)">
      <node ref="U1" pin="21" pinfunction="VPA" pintype="input"/>
    </net>
    <net code="100" name="unconnected-(U2-NC-Pad1)">
      <node ref="U2" pin="1" pinfunction="NC" pintype="input"/>
    </net>
    <net code="101" name="unconnected-(U2-NC-Pad30)">
      <node ref="U2" pin="30" pinfunction="NC" pintype="input"/>
    </net>
    <net code="102" name="unconnected-(U3-NC-Pad1)">
      <node ref="U3" pin="1" pinfunction="NC" pintype="input"/>
    </net>
    <net code="103" name="unconnected-(U3-NC-Pad30)">
      <node ref="U3" pin="30" pinfunction="NC" pintype="input"/>
    </net>
    <net code="104" name="unconnected-(U18-CV-Pad5)">
      <node ref="U18" pin="5" pinfunction="CV" pintype="input"/>
    </net>
    <net code="105" name="unconnected-(U18-DIS-Pad7)">
      <node ref="U18" pin="7" pinfunction="DIS" pintype="input"/>
    </net>
    <net code="106" name="unconnected-(U19-Pad6)">
      <node ref="U19" pin="6" pintype="open_collector"/>
    </net>
    <net code="107" name="unconnected-(U19-Pad8)">
      <node ref="U19" pin="8" pintype="open_collector"/>
    </net>
    <net code="108" name="unconnected-(U19-Pad10)">
      <node ref="U19" pin="10" pintype="open_collector"/>
    </net>
    <net code="109" name="unconnected-(U19-Pad12)">
      <node ref="U19" pin="12" pintype="open_collector"/>
    </net>
    <net code="110" name="unconnected-(U24-CLK{slash}OD-Pad13)">
      <node ref="U24" pin="13" pinfunction="CLK/OD" pintype="passive"/>
    </net>
    <net code="111" name="unconnected-(U24-GND-Pad12)">
      <node ref="U24" pin="12" pinfunction="GND" pintype="passive"/>
    </net>
    <net code="112" name="unconnected-(U24-VCC-Pad24)">
      <node ref="U24" pin="24" pinfunction="VCC" pintype="passive"/>
    </net>
  </nets>
</export>
