"#","Reference","Qty","Value","Footprint","DNP"
"1","C1, C2","2","24pf","Capacitor_THT:C_Disc_D4.3mm_W1.9mm_P5.00mm",""
"2","C3","1","47uf","Capacitor_THT:CP_Radial_D5.0mm_P2.00mm",""
"3","D1","1","FC0","LED_THT:LED_D3.0mm",""
"4","D2","1","FC1","LED_THT:LED_D3.0mm",""
"5","D3","1","FC2","LED_THT:LED_D3.0mm",""
"6","J1","1","UART1","Connector_PinHeader_2.54mm:PinHeader_1x03_P2.54mm_Vertical",""
"7","J2","1","UART2","Connector_PinHeader_2.54mm:PinHeader_1x03_P2.54mm_Vertical",""
"8","J3","1","Conn_01x08","Connector_PinHeader_2.54mm:PinHeader_1x08_P2.54mm_Vertical",""
"9","J4","1","Conn_01x06","Connector_PinHeader_2.54mm:PinHeader_1x06_P2.54mm_Vertical",""
"10","J6","1","Conn_02x20_Counter_Clockwise","Connector_IDC:IDC-Header_2x25_P2.54mm_Vertical",""
"11","JP1","1","Jumper_2_Bridged","Connector_PinHeader_2.54mm:PinHeader_1x02_P2.54mm_Vertical",""
"12","R1, R2, R3, R5, R6, R7, R8, R10, R11, R12, R17, R18, R19","13","R","Resistor_THT:R_Axial_DIN0207_L6.3mm_D2.5mm_P10.16mm_Horizontal",""
"13","R4","1","30k","Resistor_THT:R_Axial_DIN0207_L6.3mm_D2.5mm_P10.16mm_Horizontal",""
"14","SW1","1","SW_Push","Button_Switch_THT:SW_PUSH_6mm",""
"15","U1","1","68000D","Package_DIP:DIP-64_W22.86mm",""
"16","U2, U3","2","SST39SF010","Package_DIP:DIP-32_W15.24mm",""
"17","U4, U5","2","AS6C4008-55PCN","Package_DIP:DIP-32_W15.24mm",""
"18","U10","1","68681","Package_DIP:DIP-40_W15.24mm",""
"19","U18","1","NE555P","Package_DIP:DIP-8_W7.62mm",""
"20","U19","1","74LS06","Package_DIP:DIP-14_W7.62mm",""
"21","U20","1","74LS08","Package_DIP:DIP-14_W7.62mm",""
"22","U24","1","PAL24","Package_DIP:DIP-24_W7.62mm",""
"23","X1","1","OCXO-14","Oscillator:Oscillator_DIP-14",""
"24","Y1","1","3.6864MHz","Crystal:Crystal_HC18-U_Vertical",""
